<?xml version="1.0" encoding="utf-8"?><feed xmlns="http://www.w3.org/2005/Atom" ><generator uri="https://jekyllrb.com/" version="3.8.5">Jekyll</generator><link href="http://localhost:4000/data/UNIMR/lm_data/lm_2092236/feed.xml" rel="self" type="application/atom+xml" /><link href="http://localhost:4000/data/UNIMR/lm_data/lm_2092236/" rel="alternate" type="text/html" /><updated>2020-02-10T16:16:44+01:00</updated><id>http://localhost:4000/data/UNIMR/lm_data/lm_2092236/feed.xml</id><title type="html">Lab of Environmental Informatics</title><subtitle>course course-materials geography remote-sensing marburg-open-educational-resource  physical-geography environmental-science nature-conservation r</subtitle><author><name>Christoph Reudenbach</name><email>reudenbach@geo.uni-marburg.de</email><uri>https://www.uni-marburg.de/fb19/personal/mitarbeiter/reudenbachc/index.html</uri></author></feed>